0,0.01272
0.1,-0.0028518
0.2,-0.011809
0.3,0.062227
0.4,-0.019008
0.5,-0.04269
0.6,0.014133
0.7,0.014014
0.8,0.0071813
0.9,0.003066
1,-0.0015505
1.1,-0.036953
1.2,-0.021019
1.3,0.00096485
1.4,-0.00017881
1.5,-0.016301
1.6,-0.0017289
1.7,0.033653
1.8,-0.062528
1.9,-0.055604
2,0.018065
2.1,0.059991
2.2,-0.012766
2.3,-0.00060271
2.4,0.0044813
2.5,-0.0065941
2.6,0.0096457
2.7,0.022611
2.8,-0.021178
2.9,-0.042349
3,0.030544
3.1,-0.0055611
3.2,0.0019481
3.3,0.059321
3.4,0.051195
3.5,-0.028066
3.6,0.007627
3.7,-0.017122
3.8,-0.010636
3.9,-0.0021817
4,-0.020635
4.1,0.01802
4.2,-0.031256
4.3,0.043104
4.4,-0.0033446
4.5,-0.013459
4.6,0.026658
4.7,-0.0053312
4.8,-0.009445
4.9,-0.016933
5,-0.044742
5.1,-0.056399
5.2,-0.073042
5.3,-0.10485
5.4,-0.12875
5.5,-0.11273
5.6,-0.056218
5.7,-0.013796
5.8,-0.069339
5.9,-0.099596
6,0.0055622
6.1,-0.025318
6.2,-0.0074467
6.3,-0.039211
6.4,-0.019592
6.5,0.037311
6.6,0.0053606
6.7,0.0032748
6.8,0.001189
6.9,0.017342
7,-0.013702
7.1,0.052258
7.2,-0.035968
7.3,-0.0072442
7.4,0.012338
7.5,-0.047334
7.6,-0.0091259
7.7,0.025839
7.8,-0.044498
7.9,0.029418
8,-0.037999
8.1,-0.023693
8.2,-0.037981
8.3,-0.0018686
8.4,-0.03164
8.5,0.0076216
8.6,-0.011429
8.7,-0.00011168
8.8,0.0077071
8.9,-0.001618
9,-0.020862
9.1,0.056325
9.2,0.091861
9.3,0.38158
9.4,1.0303
9.5,0.99667
9.6,1.026685
9.7,1.0567
9.8,1.1149
9.9,1.2083
10,1.2143
10.1,1.2247
10.2,1.2688
10.3,1.3237
10.4,1.3322
10.5,1.3644
10.6,1.434
10.7,1.4222
10.8,1.4283
10.9,1.4607
11,1.4614
11.1,1.4939
11.2,1.5611
11.3,1.6073
11.4,1.7278
11.5,1.7823
11.6,1.7264
11.7,1.7065
11.8,1.6057
11.9,1.683
12,1.7874
12.1,1.7788
12.2,1.7521
12.3,1.7977
12.4,1.7108
12.5,1.7868
12.6,1.7398
12.7,1.7914
12.8,1.7819
12.9,1.8863
13,1.865
13.1,1.9286
13.2,1.8063
13.3,1.6499
13.4,1.696
13.5,1.845
13.6,1.7872
13.7,1.8415
13.8,1.901
13.9,1.8568
14,1.6985
14.1,1.8863
14.2,1.8079
14.3,1.6069
14.4,1.5215
14.5,1.637
14.6,1.7847
14.7,1.7441
14.8,1.7997
14.9,2.0415
15,2.047
15.1,1.8209
15.2,1.7502
15.3,1.7589
15.4,1.5715
15.5,1.7277
15.6,1.8327
15.7,1.828
15.8,1.6445
15.9,1.7273
16,1.8333
16.1,1.8963
16.2,1.8202
16.3,1.7243
16.4,1.7124
16.5,1.7096
16.6,1.7428
16.7,1.7591
16.8,1.7921
16.9,1.8019
17,1.829
17.1,1.9171
17.2,1.9361
17.3,1.9931
17.4,1.9132
17.5,1.8745
17.6,2.0962
17.7,2.0159
17.8,1.7383
17.9,1.6602
18,1.7292
18.1,2.0047
18.2,2.0765
18.3,1.8452
18.4,1.8301
18.5,1.9078
18.6,1.946
18.7,2.035
18.8,1.8633
18.9,1.9242
19,1.9426
19.1,1.885
19.2,1.9112
19.3,1.9059
19.4,1.7853
19.5,1.9229
19.6,1.9318
19.7,1.9663
19.8,1.9546
19.9,1.7936
20,1.7957
20.1,1.8009
20.2,1.938
20.3,2.0457
20.4,2.0207
20.5,1.7897
20.6,1.8288
20.7,1.9545
20.8,2.0502
20.9,1.9523
21,2.0212
21.1,1.9656
21.2,1.9961
21.3,2.2012
21.4,2.0834
21.5,1.9231
21.6,2.0296
21.7,2.0281
21.8,1.9502
21.9,1.8666
22,1.9242
22.1,1.8482
22.2,1.8573
22.3,1.8702
22.4,1.7709
22.5,1.8818
22.6,1.8905
22.7,1.9358
22.8,1.9676
22.9,1.843
23,1.8104
23.1,1.7318
23.2,1.849
23.3,1.781
23.4,1.8243
23.5,1.7647
23.6,1.8158
23.7,1.8048
23.8,1.7829
23.9,1.8179
24,1.9238
24.1,1.6847
24.2,1.7483
24.3,1.8374
24.4,1.8281
24.5,1.8199
24.6,1.8866
24.7,1.8705
24.8,1.8203
24.9,1.8664
25,1.9819
25.1,1.8868
25.2,1.8791
25.3,1.9538
25.4,1.89
25.5,1.887
25.6,1.829
25.7,1.8965
25.8,1.9372
25.9,1.9232
26,1.9013
26.1,1.9
26.2,1.9117
26.3,1.9012
26.4,1.9413
26.5,1.9432
26.6,1.8875
26.7,1.8467
26.8,1.932
26.9,1.8816
27,1.8373
27.1,1.9191
27.2,1.7989
27.3,1.9719
27.4,1.8519
27.5,1.8829
27.6,1.8854
27.7,1.8462
27.8,1.7696
27.9,1.8872
28,1.7739
28.1,1.8498
28.2,1.804
28.3,1.8095
28.4,1.8497
28.5,1.9173
28.6,1.865
28.7,1.9523
28.8,1.8668
28.9,1.7947
29,1.8382
29.1,1.8954
29.2,1.823
29.3,1.8253
29.4,1.8193
29.5,1.7261
29.6,1.8439
29.7,1.8309
29.8,1.8194
29.9,1.751
30,1.7961
30.1,1.7918
30.2,1.8307
30.3,1.8131
30.4,1.8365
30.5,1.7878
30.6,1.8789
30.7,1.9082
30.8,1.8923
30.9,1.7435
31,1.8243
31.1,1.7549
31.2,1.7701
31.3,1.8096
31.4,1.7004
31.5,1.8013
31.6,1.778
31.7,1.758
31.8,1.8819
31.9,1.7509
32,1.8252
32.1,1.8173
32.2,1.8205
32.3,1.7506
32.4,1.7211
32.5,1.8135
32.6,1.7314
32.7,1.8309
32.8,1.8973
32.9,1.8375
33,1.814
33.1,1.8485
33.2,1.7817
33.3,1.8016
33.4,1.7923
33.5,1.802
33.6,1.7509
33.7,1.748
33.8,1.7706
33.9,1.7283
34,1.7543
34.1,1.7128
34.2,1.7724
34.3,1.7297
34.4,1.7964
34.5,1.8006
34.6,1.7679
34.7,1.7479
34.8,1.7426
34.9,1.8483
35,1.7832
35.1,1.7627
35.2,1.7686
35.3,1.7779
35.4,1.849
35.5,1.7411
35.6,1.6493
35.7,1.7641
35.8,1.7314
35.9,1.7514
36,1.8039
36.1,1.7958
36.2,1.7266
36.3,1.7649
36.4,1.7645
36.5,1.6625
36.6,1.7409
36.7,1.7232
36.8,1.7333
36.9,1.7133
37,1.7045
37.1,1.6804
37.2,1.7266
37.3,1.756
37.4,1.8024
37.5,1.766
37.6,1.8195
37.7,1.7317
37.8,1.6861
37.9,1.7023
38,1.7357
38.1,1.7239
38.2,1.7265
38.3,1.8131
38.4,1.789
38.5,1.7248
38.6,1.6529
38.7,1.6872
38.8,1.6761
38.9,1.6526
39,1.6792
39.1,1.6488
39.2,1.663
39.3,1.6537
39.4,1.6326
39.5,1.5942
39.6,1.6721
39.7,1.6701
39.8,1.6263
39.9,1.619
40,1.635
40.1,1.6462
40.2,1.662
40.3,1.6434
40.4,1.687
40.5,1.6704
40.6,1.6614
40.7,1.6197
40.8,1.649
40.9,1.622
41,1.6115
41.1,1.6284
41.2,1.6332
41.3,1.6044
41.4,1.6532
41.5,1.6581
41.6,1.6083
41.7,1.5677
41.8,1.5898
41.9,1.5704
42,1.5664
42.1,1.5989
42.2,1.6486
42.3,1.6307
42.4,1.6469
42.5,1.6095
42.6,1.7003
42.7,1.6392
42.8,1.6158
42.9,1.5936
43,1.6054
43.1,1.6132
43.2,1.5435
43.3,1.5621
43.4,1.6673
43.5,1.6495
43.6,1.6134
43.7,1.551
43.8,1.5851
43.9,1.6745
44,1.6589
44.1,1.5554
44.2,1.5533
44.3,1.5685
44.4,1.6158
44.5,1.6122
44.6,1.647
44.7,1.6694
44.8,1.5864
44.9,1.5663
45,1.5779
45.1,1.614
45.2,1.5844
45.3,1.5873
45.4,1.5272
45.5,1.4893
45.6,1.567
45.7,1.5439
45.8,1.4899
45.9,1.47
46,1.5089
46.1,1.5179
46.2,1.532
46.3,1.5201
46.4,1.5232
46.5,1.5402
46.6,1.5697
46.7,1.532
46.8,1.541
46.9,1.5781
47,1.5179
47.1,1.528
47.2,1.4216
47.3,1.5098
47.4,1.5383
47.5,1.5238
47.6,1.5141
47.7,1.5801
47.8,1.5113
47.9,1.4965
48,1.4446
48.1,1.5057
48.2,1.4459
48.3,1.4664
48.4,1.4807
48.5,1.5177
48.6,1.4859
48.7,1.4963
48.8,1.4729
48.9,1.4403
49,1.4696
49.1,1.4688
49.2,1.4557
49.3,1.5136
49.4,1.5259
49.5,1.494
49.6,1.4888
49.7,1.4662
49.8,1.4866
49.9,1.4618
50,1.3987
50.1,1.53
50.2,1.4653
50.3,1.4813
50.4,1.4398
50.5,1.4446
50.6,1.4085
50.7,1.4516
50.8,1.3936
50.9,1.3762
51,1.4231
51.1,1.3956
51.2,1.4109
51.3,1.3869
51.4,1.4257
51.5,1.3963
51.6,1.4474
51.7,1.3771
51.8,1.388
51.9,1.3454
52,1.3848
52.1,1.3359
52.2,1.3665
52.3,1.3673
52.4,1.3346
52.5,1.3421
52.6,1.3502
52.7,1.3202
52.8,1.3144
52.9,1.3343
53,1.3379
53.1,1.2676
53.2,1.3143
53.3,1.3159
53.4,1.278
53.5,1.3256
53.6,1.2816
53.7,1.2247
53.8,1.3193
53.9,1.2723
54,1.2782
54.1,1.2873
54.2,1.2857
54.3,1.2741
54.4,1.2465
54.5,1.2575
54.6,1.247
54.7,1.2549
54.8,1.2965
54.9,1.2355
55,1.2274
55.1,1.2299
55.2,1.2466
55.3,1.262
55.4,1.2591
55.5,1.303
55.6,1.2573
55.7,1.2303
55.8,1.2258
55.9,1.2474
56,1.1855
56.1,1.1947
56.2,1.2026
56.3,1.1857
56.4,1.1284
56.5,1.173
56.6,1.1562
56.7,1.1518
56.8,1.1218
56.9,1.1551
57,1.162
57.1,1.2026
57.2,1.1738
57.3,1.2055
57.4,1.1947
57.5,1.2066
57.6,1.1472
57.7,1.1941
57.8,1.148
57.9,1.1946
58,1.1745
58.1,1.213
58.2,1.1658
58.3,1.2118
58.4,1.1769
58.5,1.1566
58.6,1.1597
58.7,1.1792
58.8,1.2301
58.9,1.1635
59,1.1416
59.1,1.1322
59.2,1.1759
59.3,1.1577
59.4,1.1118
59.5,1.1634
59.6,1.1519
59.7,1.1237
59.8,1.0996
59.9,1.1575
60,1.1487
60.1,1.0871
60.2,1.1449
60.3,1.15
60.4,1.1258
60.5,1.1069
60.6,1.1323
60.7,1.1056
60.8,1.1136
60.9,1.0986
61,1.0965
61.1,1.0874
61.2,1.0794
61.3,1.0627
61.4,1.0467
61.5,1.0475
61.6,1.0804
61.7,1.05695
61.8,1.0335
61.9,1.0589
62,1.1148
62.1,1.1272
62.2,1.0932
62.3,1.014
62.4,1.0412
62.5,1.0706
62.6,1.1177
62.7,1.0201
62.8,0.97548
62.9,1.008
63,1.0267
63.1,1.0342
63.2,1.0696
63.3,1.0646
63.4,1.052
63.5,1.0504
63.6,1.0656
63.7,1.0279
63.8,1.0511
63.9,1.0184
64,1.0821
64.1,1.0353
64.2,1.0455
64.3,1.0259
64.4,1.0166
64.5,1.0344
64.6,1.0595
64.7,1.05
64.8,1.0405
64.9,1.0636
65,1.0255
65.1,1.0526
65.2,1.0259
65.3,1.018
65.4,1.0536
65.5,1.0502
65.6,1.0621
65.7,1.0331
65.8,1.053
65.9,1.0475
66,1.0413
66.1,1.0413
66.2,1.0075
66.3,1.0276
66.4,1.0396
66.5,1.0606
66.6,1.0073
66.7,1.0181
66.8,1.0508
66.9,1.0608
67,1.031
67.1,1.0588
67.2,1.046
67.3,1.0458
67.4,1.0205
67.5,1.0355
67.6,0.99384
67.7,1.016
67.8,1.0422
67.9,1.027
68,1.0083
68.1,1.0405
68.2,0.99642
68.3,1.0278
68.4,0.97879
68.5,1.0411
68.6,1.0254
68.7,1.0009
68.8,1.0086
68.9,1.0129
69,1.0409
69.1,1.0271
69.2,1.003
69.3,1.0074
69.4,1.0136
69.5,0.99802
69.6,1.0013
69.7,1.0009
69.8,0.99429
69.9,0.97592
70,0.97778
70.1,1.0199
70.2,0.97187
70.3,0.98374
70.4,0.97442
70.5,1.0309
70.6,0.99149
70.7,1.0078
70.8,0.99799
70.9,1.0095
71,0.95913
71.1,0.98426
71.2,0.99528
71.3,0.97465
71.4,0.97622
71.5,0.98363
71.6,0.97496
71.7,0.99533
71.8,0.95863
71.9,0.95395
72,0.96435
72.1,0.99617
72.2,0.96011
72.3,0.95363
72.4,0.96427
72.5,0.94074
72.6,0.92151
72.7,0.96583
72.8,0.93492
72.9,0.94252
73,0.92254
73.1,0.94926
73.2,0.92724
73.3,0.91672
73.4,0.92273
73.5,0.95199
73.6,0.91456
73.7,0.90544
73.8,0.90013
73.9,0.88433
74,0.90305
74.1,0.9112
74.2,0.89873
74.3,0.88261
74.4,0.91367
74.5,0.91825
74.6,0.89227
74.7,0.89222
74.8,0.89127
74.9,0.89619
75,0.90335
75.1,0.90338
75.2,0.8666
75.3,0.89526
75.4,0.87944
75.5,0.91175
75.6,0.88986
75.7,0.90478
75.8,0.87211
75.9,0.8889
76,0.88775
76.1,0.88129
76.2,0.90406
76.3,0.87029
76.4,0.90243
76.5,0.89923
76.6,0.91168
76.7,0.93561
76.8,0.95772
76.9,0.9155
77,0.89604
77.1,0.89961
77.2,0.88667
77.3,0.87241
77.4,0.89798
77.5,0.904
77.6,0.89862
77.7,0.91166
77.8,0.87155
77.9,0.91569
78,0.89876
78.1,0.88498
78.2,0.91911
78.3,0.90135
78.4,0.8829
78.5,0.86677
78.6,0.86935
78.7,0.88295
78.8,0.86542
78.9,0.86456
79,0.8711
79.1,0.87685
79.2,0.86364
79.3,0.83873
79.4,0.82882
79.5,0.85007
79.6,0.81057
79.7,0.86101
79.8,0.85303
79.9,0.85956
80,0.82184
80.1,0.83466
80.2,0.82727
80.3,0.83105
80.4,0.80854
80.5,0.83138
80.6,0.8385
80.7,0.8455
80.8,0.81055
80.9,0.79768
81,0.83788
81.1,0.81103
81.2,0.80628
81.3,0.81526
81.4,0.83981
81.5,0.84417
81.6,0.8406
81.7,0.8263
81.8,0.83323
81.9,0.82794
82,0.84178
82.1,0.83161
82.2,0.84909
82.3,0.84552
82.4,0.86257
82.5,0.87494
82.6,0.8456
82.7,0.84641
82.8,0.83528
82.9,0.87242
83,0.84782
83.1,0.83814
83.2,0.85275
83.3,0.85557
83.4,0.81628
83.5,0.84025
83.6,0.82459
83.7,0.83038
83.8,0.82342
83.9,0.81986
84,0.80507
84.1,0.83135
84.2,0.81066
84.3,0.79392
84.4,0.82612
84.5,0.82067
84.6,0.76672
84.7,0.79958
84.8,0.777
84.9,0.80266
85,0.8037
85.1,0.79691
85.2,0.77222
85.3,0.77303
85.4,0.78148
85.5,0.80023
85.6,0.82491
85.7,0.77109
85.8,0.77056
85.9,0.79512
86,0.76144
86.1,0.81082
86.2,0.78461
86.3,0.79035
86.4,0.76388
86.5,0.74263
86.6,0.77532
86.7,0.76241
86.8,0.79177
86.9,0.78283
87,0.76899
87.1,0.81872
87.2,0.80169
87.3,0.77473
87.4,0.78179
87.5,0.79244
87.6,0.78349
87.7,0.81997
87.8,0.81661
87.9,0.79427
88,0.8242
88.1,0.84473
88.2,0.82624
88.3,0.78228
88.4,0.8016
88.5,0.80482
88.6,0.79564
88.7,0.81915
88.8,0.79432
88.9,0.79946
89,0.79646
89.1,0.80672
89.2,0.76446
89.3,0.78547
89.4,0.78297
89.5,0.79835
89.6,0.80543
89.7,0.80348
89.8,0.77318
89.9,0.79724
90,0.79674
90.1,0.76116
90.2,0.75477
90.3,0.76768
90.4,0.74657
90.5,0.74987
90.6,0.7624
90.7,0.75441
90.8,0.74847
90.9,0.75395
91,0.74718
91.1,0.75716
91.2,0.73498
91.3,0.70472
91.4,0.72325
91.5,0.74479
91.6,0.73038
91.7,0.73369
91.8,0.73925
91.9,0.74106
92,0.71746
92.1,0.7235
92.2,0.76479
92.3,0.77837
92.4,0.74234
92.5,0.73591
92.6,0.76481
92.7,0.73384
92.8,0.75373
92.9,0.7633
93,0.7287
93.1,0.76207
93.2,0.74672
93.3,0.75062
93.4,0.74349
93.5,0.74792
93.6,0.73517
93.7,0.74969
93.8,0.74534
93.9,0.71069
94,0.73777
94.1,0.73615
94.2,0.70704
94.3,0.71704
94.4,0.75858
94.5,0.74275
94.6,0.71484
94.7,0.74501
94.8,0.76289
94.9,0.74604
95,0.78248
95.1,0.75015
95.2,0.72804
95.3,0.7673
95.4,0.75008
95.5,0.74013
95.6,0.70209
95.7,0.72869
95.8,0.73898
95.9,0.72169
96,0.72768
96.1,0.73674
96.2,0.75957
96.3,0.73272
96.4,0.72282
96.5,0.73431
96.6,0.73548
96.7,0.73224
96.8,0.74507
96.9,0.75179
97,0.73855
97.1,0.73659
97.2,0.73637
97.3,0.7465
97.4,0.70917
97.5,0.74249
97.6,0.75396
97.7,0.7275
97.8,0.76055
97.9,0.71958
98,0.73291
98.1,0.75296
98.2,0.73508
98.3,0.73786
98.4,0.71435
98.5,0.72153
98.6,0.71477
98.7,0.70938
98.8,0.69896
98.9,0.67607
99,0.72869
99.1,0.69231
99.2,0.71152
99.3,0.73042
99.4,0.71104
99.5,0.71016
99.6,0.69862
99.7,0.71431
99.8,0.69236
99.9,0.67804
100,0.70449
100.1,0.70253
100.2,0.67669
100.3,0.70776
100.4,0.69346
100.5,0.69366
100.6,0.68307
100.7,0.6958
100.8,0.67037
100.9,0.67545
101,0.68965
101.1,0.65536
101.2,0.69041
101.3,0.69446
101.4,0.71263
101.5,0.70327
101.6,0.68201
101.7,0.68957
101.8,0.71544
101.9,0.68966
102,0.6712
102.1,0.65939
102.2,0.68842
102.3,0.67761
102.4,0.68662
102.5,0.69165
102.6,0.65287
102.7,0.65474
102.8,0.67097
102.9,0.67413
103,0.66773
103.1,0.67487
103.2,0.68433
103.3,0.66889
103.4,0.678
103.5,0.63933
103.6,0.65684
103.7,0.64805
103.8,0.6841
103.9,0.66428
104,0.66249
104.1,0.67021
104.2,0.68247
104.3,0.68028
104.4,0.70057
104.5,0.6671
104.6,0.66525
104.7,0.67405
104.8,0.67376
104.9,0.64447
105,0.67686
105.1,0.69436
105.2,0.67844
105.3,0.69112
105.4,0.64199
105.5,0.68503
105.6,0.66786
105.7,0.68067
105.8,0.66163
105.9,0.65058
106,0.68862
106.1,0.64789
106.2,0.63408
106.3,0.65822
106.4,0.64313
106.5,0.65214
106.6,0.63939
106.7,0.63292
106.8,0.62877
106.9,0.66131
107,0.66453
107.1,0.63044
107.2,0.68145
107.3,0.66401
107.4,0.64347
107.5,0.63269
107.6,0.6443
107.7,0.64329
107.8,0.66618
107.9,0.63453
108,0.64657
108.1,0.66641
108.2,0.6537
108.3,0.62106
108.4,0.63119
108.5,0.63566
108.6,0.6147
108.7,0.62701
108.8,0.65136
108.9,0.62512
109,0.62124
109.1,0.62057
109.2,0.63636
109.3,0.63294
109.4,0.62792
109.5,0.62809
109.6,0.64099
109.7,0.60893
109.8,0.62178
109.9,0.62706
110,0.63188
110.1,0.60708
110.2,0.63877
110.3,0.63039
110.4,0.62817
110.5,0.62113
110.6,0.6156
110.7,0.6243
110.8,0.6224
110.9,0.66764
111,0.6566
111.1,0.62378
111.2,0.58781
111.3,0.55449
111.4,0.55931
111.5,0.57517
111.6,0.58236
111.7,0.6125
111.8,0.60441
111.9,0.60715
112,0.62062
112.1,0.62284
112.2,0.57212
112.3,0.5448
112.4,0.58927
112.5,0.61673
112.6,0.61201
112.7,0.60172
112.8,0.58022
112.9,0.60147
113,0.61211
113.1,0.59558
113.2,0.59762
113.3,0.65069
113.4,0.64765
113.5,0.62093
113.6,0.61417
113.7,0.62647
113.8,0.62252
113.9,0.65972
114,0.63101
114.1,0.6492
114.2,0.6459
114.3,0.63652
114.4,0.61928
114.5,0.63663
114.6,0.63841
114.7,0.61855
114.8,0.61038
114.9,0.63703
115,0.61298
115.1,0.61941
115.2,0.62513
115.3,0.63409
115.4,0.64111
115.5,0.65044
115.6,0.63085
115.7,0.6257
115.8,0.62148
115.9,0.63937
116,0.63421
116.1,0.65711
116.2,0.64559
116.3,0.66033
116.4,0.63889
116.5,0.63479
116.6,0.63822
116.7,0.66126
116.8,0.65162
116.9,0.64198
117,0.63295
117.1,0.65246
117.2,0.66342
117.3,0.63422
117.4,0.66564
117.5,0.63603
117.6,0.64758
117.7,0.64707
117.8,0.65928
117.9,0.65456
118,0.64224
118.1,0.66533
118.2,0.64212
118.3,0.64299
118.4,0.65563
118.5,0.65417
118.6,0.65936
118.7,0.64144
118.8,0.63857
118.9,0.65638
119,0.64806
119.1,0.65311
119.2,0.65371
119.3,0.6223
119.4,0.6328
119.5,0.62152
119.6,0.63847
119.7,0.63955
119.8,0.64063
119.9,0.64484
120,0.65109
120.1,0.64831
120.2,0.63591
120.3,0.64091
120.4,0.62277
120.5,0.65625
120.6,0.67423
120.7,0.65216
120.8,0.63688
120.9,0.63328
121,0.62146
121.1,0.64884
121.2,0.62167
121.3,0.64447
121.4,0.63893
121.5,0.62431
121.6,0.65255
121.7,0.61072
121.8,0.63115
121.9,0.64529
122,0.63809
122.1,0.65788
122.2,0.63816
122.3,0.65551
122.4,0.65411
122.5,0.63329
122.6,0.64147
122.7,0.64165
122.8,0.65496
122.9,0.64656
123,0.66355
123.1,0.65789
123.2,0.63435
123.3,0.66874
123.4,0.64603
123.5,0.6413
123.6,0.66573
123.7,0.64149
123.8,0.65466
123.9,0.63281
124,0.66117
124.1,0.64407
124.2,0.63958
124.3,0.65948
124.4,0.63646
124.5,0.63698
124.6,0.63258
124.7,0.66529
124.8,0.63668
124.9,0.62496
125,0.67762
125.1,0.64322
125.2,0.62552
125.3,0.64137
125.4,0.63426
125.5,0.64095
125.6,0.64998
125.7,0.63678
125.8,0.64635
125.9,0.65743
126,0.65165
126.1,0.66776
126.2,0.65142
126.3,0.67414
126.4,0.66057
126.5,0.66805
126.6,0.65387
126.7,0.6611
126.8,0.67253
126.9,0.65632
127,0.67141
127.1,0.6492
127.2,0.67241
127.3,0.67273
127.4,0.65365
127.5,0.66281
127.6,0.64801
127.7,0.65463
127.8,0.66592
127.9,0.65797
128,0.66308
128.1,0.653109359
128.2,0.688252922
128.3,0.676251313
128.4,0.662433406
128.5,0.643924805
128.6,0.669755734
128.7,0.670154938
128.8,0.657137063
128.9,0.659599352
129,0.664061172
129.1,0.670844953
129.2,0.655991875
129.3,0.665036422
129.4,0.664758797
129.5,0.673661914
129.6,0.663451875
129.7,0.649833234
129.8,0.658882313
129.9,0.663394367
130,0.646744219
130.1,0.66695525
130.2,0.644420328
130.3,0.642258258
130.4,0.652128938
130.5,0.632863164
130.6,0.643713469
130.7,0.663992109
130.8,0.645190813
130.9,0.639818086
131,0.652958984
131.1,0.631418289
131.2,0.663351
131.3,0.643607875
131.4,0.632228188
131.5,0.643626094
131.6,0.657356813
131.7,0.644641164
131.8,0.653767453
131.9,0.641267359
132,0.659379688
132.1,0.64519957
132.2,0.635113344
132.3,0.656189844
132.4,0.6567795
132.5,0.651452852
132.6,0.647753594
132.7,0.647228672
132.8,0.644028
132.9,0.662047188
133,0.656349141
133.1,0.65984818
133.2,0.659656656
133.3,0.670536328
133.4,0.659817875
133.5,0.661308594
133.6,0.664182563
133.7,0.6610315
133.8,0.652357063
133.9,0.660704086
134,0.671972188
134.1,0.6613075
134.2,0.659918109
134.3,0.662542406
134.4,0.6571815
134.5,0.673764961
134.6,0.669018328
134.7,0.675650477
134.8,0.675093469
134.9,0.676154281
135,0.670529063
135.1,0.659962875
135.2,0.655009688
135.3,0.664566656
135.4,0.677366859
135.5,0.653194727
135.6,0.6846245
135.7,0.664845469
135.8,0.677993734
135.9,0.684044563
136,0.6753
136.1,0.696993688
136.2,0.692696703
136.3,0.676622953
136.4,0.674188938
136.5,0.696769023
136.6,0.666951609
136.7,0.692713586
136.8,0.695429563
136.9,0.683168766
137,0.671420313
137.1,0.694403867
137.2,0.685383188
137.3,0.684240586
137.4,0.702399234
137.5,0.687744375
137.6,0.68593375
137.7,0.685955156
137.8,0.688671984
137.9,0.673068508
138,0.709124688
138.1,0.673577438
138.2,0.680110938
138.3,0.701206945
138.4,0.696724875
138.5,0.696729102
138.6,0.676141453
138.7,0.679313625
138.8,0.675337531
138.9,0.68076268
139,0.694605234
139.1,0.708386602
139.2,0.699476875
139.3,0.695714344
139.4,0.708736703
139.5,0.697825898
139.6,0.704183625
139.7,0.706649703
139.8,0.706877281
139.9,0.706849453
140,0.717795313
140.1,0.707261641
140.2,0.699811969
140.3,0.718008891
140.4,0.718517219
140.5,0.711543164
140.6,0.726533156
140.7,0.725047836
140.8,0.730143
140.9,0.731865148
141,0.690682813
141.1,0.713169938
141.2,0.69245925
141.3,0.724653094
141.4,0.717772031
141.5,0.726806641
141.6,0.716197625
141.7,0.727832039
141.8,0.711564141
141.9,0.714970211
142,0.726260156
142.1,0.727064633
142.2,0.722887828
142.3,0.711033609
142.4,0.721688375
142.5,0.710492266
142.6,0.745791047
142.7,0.711798398
142.8,0.742795406
142.9,0.735397406
143,0.747945234
143.1,0.736998852
143.2,0.741316313
143.3,0.734504641
143.4,0.721519688
143.5,0.741339844
143.6,0.7237155
143.7,0.721922305
143.8,0.751512094
143.9,0.744160086
144,0.749665
144.1,0.758017594
144.2,0.757969063
144.3,0.753084891
144.4,0.735156281
144.5,0.768635703
144.6,0.771079469
144.7,0.755666133
144.8,0.740670188
144.9,0.765678633
145,0.753811406
145.1,0.769507375
145.2,0.766121406
145.3,0.777183188
145.4,0.796544656
145.5,0.779094063
145.6,0.784555875
145.7,0.783259258
145.8,0.782178938
145.9,0.790070719
146,0.797113281
146.1,0.779087969
146.2,0.773515266
146.3,0.785520563
146.4,0.768321688
146.5,0.771761133
146.6,0.770552063
146.7,0.768361922
146.8,0.757813875
146.9,0.759020633
147,0.771192031
147.1,0.793991602
147.2,0.7883835
147.3,0.778818516
147.4,0.786908813
147.5,0.760737578
147.6,0.773738875
147.7,0.753108047
147.8,0.766875953
147.9,0.754521109
148,0.769626563
148.1,0.755628758
148.2,0.762154422
148.3,0.771636844
148.4,0.769079406
148.5,0.762964453
148.6,0.762548391
148.7,0.750965875
148.8,0.768900375
148.9,0.802371445
149,0.768803359
149.1,0.773571828
149.2,0.76141725
149.3,0.774650336
149.4,0.765388
149.5,0.776667891
149.6,0.759006063
149.7,0.764180734
149.8,0.772671375
149.9,0.747623703
150,0.771762813
150.1,0.774774328
150.2,0.782457125
150.3,0.768950984
150.4,0.7702365
150.5,0.768864219
150.6,0.768143672
150.7,0.777533555
150.8,0.769899625
150.9,0.773109031
151,0.776639063
151.1,0.767572969
151.2,0.764966313
151.3,0.772301555
151.4,0.766260375
151.5,0.759690508
151.6,0.772184813
151.7,0.742477477
151.8,0.745901047
151.9,0.750268219
152,0.769738125
152.1,0.746148109
152.2,0.738293719
152.3,0.729262148
152.4,0.733204719
152.5,0.764412188
152.6,0.734350031
152.7,0.749990281
152.8,0.741508125
152.9,0.764953672
153,0.743450781
153.1,0.743508773
153.2,0.760230094
153.3,0.756722484
153.4,0.729558141
153.5,0.738136133
153.6,0.740608
153.7,0.748987852
153.8,0.754635219
153.9,0.727271063
154,0.725674219
154.1,0.73453182
154.2,0.720775813
154.3,0.719265305
154.4,0.709691875
154.5,0.725685352
154.6,0.720668813
154.7,0.71420457
154.8,0.741954125
154.9,0.736442414
155,0.725164219
155.1,0.758728586
155.2,0.73836
155.3,0.731207875
155.4,0.705709
155.5,0.707928281
155.6,0.711514406
155.7,0.702773891
155.8,0.720210984
155.9,0.710913328
156,0.70778125
156.1,0.702304805
156.2,0.727378266
156.3,0.718509859
156.4,0.701394094
156.5,0.702679883
156.6,0.700622453
156.7,0.711375891
156.8,0.7076525
156.9,0.706288797
157,0.689968125
157.1,0.671422828
157.2,0.69104425
157.3,0.681423258
157.4,0.686949281
157.5,0.665575273
157.6,0.688284938
157.7,0.678070328
157.8,0.698462844
157.9,0.702495633
158,0.696481406
158.1,0.687839281
158.2,0.687511078
158.3,0.696013273
158.4,0.683078
158.5,0.69035332
158.6,0.687834234
158.7,0.682939578
158.8,0.678531938
158.9,0.653384383
159,0.666981094
159.1,0.660858
159.2,0.648249938
159.3,0.653178281
159.4,0.64806525
159.5,0.637050781
159.6,0.660784344
159.7,0.645240094
159.8,0.661773328
159.9,0.65756425
160,0.638175
160.1,0.659844445
160.2,0.655518984
160.3,0.653115117
160.4,0.651588688
160.5,0.647631758
160.6,0.646349906
160.7,0.658798477
160.8,0.648304563
160.9,0.637912969
161,0.647180078
161.1,0.64033775
161.2,0.64718775
161.3,0.644278133
161.4,0.647248766
161.5,0.633829219
161.6,0.640681
161.7,0.640982148
161.8,0.620490984
161.9,0.61598007
162,0.635682344
162.1,0.634389867
162.2,0.626855141
162.3,0.642291539
162.4,0.645072188
162.5,0.624170938
162.6,0.624568719
162.7,0.633521578
162.8,0.61622675
162.9,0.609790453
163,0.613632891
163.1,0.611427156
163.2,0.60520825
163.3,0.601775086
163.4,0.605437609
163.5,0.602673633
163.6,0.596218219
163.7,0.603021859
163.8,0.5981475
163.9,0.594375984
164,0.590532188
164.1,0.591204188
164.2,0.586042594
164.3,0.596580141
164.4,0.580815563
164.5,0.582855
164.6,0.604503891
164.7,0.590575477
164.8,0.59768775
164.9,0.593125055
165,0.588855313
165.1,0.577584281
165.2,0.595257844
165.3,0.587948578
165.4,0.571636453
165.5,0.604066289
165.6,0.604542938
165.7,0.589080516
165.8,0.583150047
165.9,0.570079594
166,0.580528125
166.1,0.576427563
166.2,0.589263391
166.3,0.571648289
166.4,0.58457
166.5,0.572149727
166.6,0.567606188
166.7,0.561020273
166.8,0.574308625
166.9,0.579630305
167,0.557598906
167.1,0.561604914
167.2,0.574015688
167.3,0.580361328
167.4,0.574875563
167.5,0.562410586
167.6,0.555642344
167.7,0.546087211
167.8,0.550864125
167.9,0.564204789
168,0.54973875
168.1,0.552485836
168.2,0.549977828
168.3,0.547522063
168.4,0.557574
168.5,0.544079102
168.6,0.535994156
168.7,0.558201656
168.8,0.5524665
168.9,0.559583477
169,0.551219766
169.1,0.55304382
169.2,0.534131938
169.3,0.547517273
169.4,0.537434188
169.5,0.536340547
169.6,0.5440635
169.7,0.549441086
169.8,0.530015516
169.9,0.536450086
170,0.53454375
170.1,0.530519742
170.2,0.519847453
170.3,0.510430539
170.4,0.507400688
170.5,0.526579805
170.6,0.508643734
170.7,0.521742781
170.8,0.526496063
170.9,0.508279695
171,0.529908594
171.1,0.512849063
171.2,0.517386
171.3,0.510509398
171.4,0.524619141
171.5,0.509435977
171.6,0.508905625
171.7,0.50941568
171.8,0.513537773
171.9,0.517648641
172,0.518194688
172.1,0.510151328
172.2,0.520692609
172.3,0.509262188
172.4,0.504134125
172.5,0.513518477
172.6,0.510844547
172.7,0.504687367
172.8,0.521001
172.9,0.509162789
173,0.502292656
173.1,0.505081203
173.2,0.508327313
173.3,0.4962
173.4,0.495419313
173.5,0.492711914
173.6,0.508884375
173.7,0.503573125
173.8,0.502627313
173.9,0.510475992
174,0.501141719
174.1,0.494644008
174.2,0.489483531
174.3,0.497310453
174.4,0.490435125
174.5,0.478793398
174.6,0.493264922
174.7,0.506079797
174.8,0.478756469
174.9,0.491466
175,0.494815078
175.1,0.479180813
175.2,0.486157188
175.3,0.475877813
175.4,0.489090875
175.5,0.492106563
175.6,0.486005438
175.7,0.477785
175.8,0.492415469
175.9,0.472746445
176,0.48005625
176.1,0.475523602
176.2,0.464005828
176.3,0.476163914
176.4,0.47436625
176.5,0.467074922
176.6,0.483062156
176.7,0.469332094
176.8,0.460690313
176.9,0.472659578
177,0.465402578
177.1,0.476118352
177.2,0.479479531
177.3,0.483224148
177.4,0.475112438
177.5,0.474581563
177.6,0.476016625
177.7,0.467457117
177.8,0.466420234
177.9,0.462126242
178,0.47307
178.1,0.469895234
178.2,0.456430719
178.3,0.462533531
178.4,0.45296575
178.5,0.464000977
178.6,0.466740141
178.7,0.473734258
178.8,0.461107156
178.9,0.455124914
179,0.453854844
179.1,0.459459477
179.2,0.458652
179.3,0.467636305
179.4,0.461646656
179.5,0.46969207
179.6,0.456078156
179.7,0.457764234
179.8,0.453544781
179.9,0.445292016
180,0.44685625
180.1,0.448663875
180.2,0.454942125
180.3,0.455323672
180.4,0.445721063
180.5,0.447797578
180.6,0.439275688
180.7,0.458559352
180.8,0.451717
180.9,0.456913094
181,0.454798828
181.1,0.453776969
181.2,0.459207719
181.3,0.453125531
181.4,0.455485453
181.5,0.455817773
181.6,0.45725775
181.7,0.455627336
181.8,0.439304578
181.9,0.4420065
182,0.451272813
182.1,0.446529203
182.2,0.445994156
182.3,0.439758688
182.4,0.448684
182.5,0.448608398
182.6,0.439557047
182.7,0.440372656
182.8,0.450563156
182.9,0.437223664
183,0.440332578
183.1,0.443277563
183.2,0.443886625
183.3,0.446332563
183.4,0.441753984
183.5,0.438800586
183.6,0.435157938
183.7,0.429433758
183.8,0.437362781
183.9,0.438914383
184,0.4361175
184.1,0.43737107
184.2,0.431417031
184.3,0.445357828
184.4,0.431211
184.5,0.416035039
184.6,0.421661625
184.7,0.433531852
184.8,0.42744475
184.9,0.421961836
185,0.423043516
185.1,0.427283281
185.2,0.431122219
185.3,0.431170578
185.4,0.415613375
185.5,0.417965859
185.6,0.413116
185.7,0.412606078
185.8,0.414114188
185.9,0.406459516
186,0.414334375
186.1,0.417029953
186.2,0.417011375
186.3,0.410636461
186.4,0.415299938
186.5,0.419546523
186.6,0.410099781
186.7,0.405881438
186.8,0.407079813
186.9,0.407144758
187,0.404156719
187.1,0.410277969
187.2,0.396073
187.3,0.406070672
187.4,0.404547063
187.5,0.398835898
187.6,0.397216969
187.7,0.40299668
187.8,0.399556094
187.9,0.396230273
188,0.405051563
188.1,0.38320532
188.2,0.407864672
188.3,0.395859883
188.4,0.395776875
188.5,0.408970898
188.6,0.38679175
188.7,0.415446055
188.8,0.40656525
188.9,0.400041813
189,0.399309531
189.1,0.399142125
189.2,0.400909594
189.3,0.391336195
189.4,0.389911781
189.5,0.406133164
189.6,0.395754375
189.7,0.395453602
189.8,0.393450391
189.9,0.390883383
190,0.401646094
190.1,0.376443453
190.2,0.388641531
190.3,0.377841727
190.4,0.38899775
190.5,0.387110117
190.6,0.382155703
190.7,0.387417758
190.8,0.387945094
190.9,0.382584563
191,0.384723828
191.1,0.378458266
191.2,0.383383125
191.3,0.376917938
191.4,0.380650453
191.5,0.378287461
191.6,0.384805094
191.7,0.368835852
191.8,0.376558078
191.9,0.375726156
192,0.37345
192.1,0.373275844
192.2,0.377122797
192.3,0.368151164
192.4,0.370922156
192.5,0.366677773
192.6,0.371940063
192.7,0.371882555
192.8,0.380069
192.9,0.374390047
193,0.366955313
193.1,0.365783156
193.2,0.365363531
193.3,0.35823743
193.4,0.368826484
193.5,0.364082031
193.6,0.36150075
193.7,0.364654555
193.8,0.366037281
193.9,0.362474789
194,0.353666406
194.1,0.351297008
194.2,0.362259047
194.3,0.366256984
194.4,0.35233275
194.5,0.363301641
194.6,0.361953
194.7,0.366650625
194.8,0.363953531
194.9,0.356346656
195,0.355615703
195.1,0.358520203
195.2,0.35049775
195.3,0.351339188
195.4,0.350632547
195.5,0.341815547
195.6,0.347583125
195.7,0.353584125
195.8,0.352743781
195.9,0.33656
196,0.3537
196.1,0.352492781
196.2,0.354296313
196.3,0.349809352
196.4,0.339231094
196.5,0.338596836
196.6,0.340839984
196.7,0.341869133
196.8,0.34142675
196.9,0.337654922
197,0.335032422
197.1,0.341578586
197.2,0.334135594
197.3,0.340817703
197.4,0.336098469
197.5,0.31925918
197.6,0.337187
197.7,0.332715367
197.8,0.330662391
197.9,0.328292234
198,0.3313975
198.1,0.331115625
198.2,0.322713656
198.3,0.322998289
198.4,0.324063
198.5,0.324147266
198.6,0.325363828
198.7,0.33261307
198.8,0.317106969
198.9,0.3297525
199,0.327478359
199.1,0.330757922
199.2,0.3191805
199.3,0.326560992
199.4,0.315801469
199.5,0.320999453
199.6,0.324260344
199.7,0.325770273
199.8,0.316774813
199.9,0.324840914
200,0.326064375
200.1,0.325735414
200.2,0.316817578
200.3,0.323294984
200.4,0.316529063
200.5,0.317173828
200.6,0.317719
200.7,0.319184688
200.8,0.318064125
200.9,0.316730297
201,0.314247656
201.1,0.319599492
201.2,0.319051594
201.3,0.313995094
201.4,0.308481469
201.5,0.311237578
201.6,0.3061275
201.7,0.30150075
201.8,0.307733203
201.9,0.307588086
202,0.308500313
202.1,0.309234406
202.2,0.306206063
202.3,0.309232289
202.4,0.302969813
202.5,0.312151602
202.6,0.293645766
202.7,0.305346539
202.8,0.298838531
202.9,0.303263227
203,0.298075313
203.1,0.293913227
203.2,0.300436125
203.3,0.296062836
203.4,0.288995906
203.5,0.291666211
203.6,0.290774969
203.7,0.291221109
203.8,0.299473031
203.9,0.295439563
204,0.29524625
204.1,0.293113359
204.2,0.282694453
204.3,0.287415648
204.4,0.283618594
204.5,0.29290625
204.6,0.286482719
204.7,0.276907781
204.8,0.28022
204.9,0.279517
205,0.285237422
205.1,0.273468203
205.2,0.285198344
205.3,0.291544805
205.4,0.288214438
205.5,0.279158477
205.6,0.276188063
205.7,0.279660141
205.8,0.272942891
205.9,0.275964891
206,0.273902344
206.1,0.271533969
206.2,0.268351969
206.3,0.277259992
206.4,0.27476075
206.5,0.267961289
206.6,0.269314906
206.7,0.273044969
206.8,0.273282938
206.9,0.261591758
207,0.268236719
207.1,0.261217688
207.2,0.270416813
207.3,0.261888055
207.4,0.256232109
207.5,0.262824531
207.6,0.257211969
207.7,0.259269117
207.8,0.261157391
207.9,0.257263602
208,0.26515875
208.1,0.256848781
208.2,0.257220016
208.3,0.259029633
208.4,0.25962825
208.5,0.261183203
208.6,0.254397281
208.7,0.259765688
208.8,0.256093188
208.9,0.256669242
209,0.257629766
209.1,0.250522945
209.2,0.255374438
209.3,0.251680164
209.4,0.256423781
209.5,0.251532305
209.6,0.261097875
209.7,0.247364984
209.8,0.253565813
209.9,0.25804475
210,0.251745781
210.1,0.243291516
210.2,0.248060672
210.3,0.248397352
210.4,0.24457275
210.5,0.244612266
210.6,0.251508906
210.7,0.247199977
210.8,0.241495125
210.9,0.245453227
211,0.237343359
211.1,0.237822672
211.2,0.2452905
211.3,0.242116852
211.4,0.24267975
211.5,0.233798828
211.6,0.238334344
211.7,0.233838242
211.8,0.23232625
211.9,0.234326039
212,0.233361563
212.1,0.229452953
212.2,0.228119297
212.3,0.223300172
212.4,0.228283469
212.5,0.225646055
212.6,0.224398344
212.7,0.227338531
212.8,0.229827375
212.9,0.220931273
213,0.221873281
213.1,0.226247227
213.2,0.230815719
213.3,0.218874195
213.4,0.22551375
213.5,0.223692773
213.6,0.2167965
213.7,0.215829141
213.8,0.219627922
213.9,0.217357695
214,0.212306719
214.1,0.214960094
214.2,0.218917703
214.3,0.220426852
214.4,0.2192645
214.5,0.213238672
214.6,0.214122094
214.7,0.21341775
214.8,0.210142531
214.9,0.209844398
215,0.208219141
215.1,0.211034414
215.2,0.206119688
215.3,0.208151883
215.4,0.208975813
215.5,0.208261758
215.6,0.207573938
215.7,0.205394617
215.8,0.200695359
215.9,0.201242477
216,0.195609375
216.1,0.199955109
216.2,0.2056665
216.3,0.20078275
216.4,0.197854594
216.5,0.195398477
216.6,0.201758781
216.7,0.200841422
216.8,0.194802563
216.9,0.197210625
217,0.193872656
217.1,0.196077273
217.2,0.187513125
217.3,0.194277023
217.4,0.196431781
217.5,0.195450664
217.6,0.198126
217.7,0.188220563
217.8,0.193399438
217.9,0.191011969
218,0.190958906
218.1,0.18972207
218.2,0.184088953
218.3,0.193268461
218.4,0.18540325
218.5,0.186483398
218.6,0.181369547
218.7,0.181132297
218.8,0.181175625
218.9,0.179862539
219,0.180750781
219.1,0.182303297
219.2,0.1816195
219.3,0.178485289
219.4,0.179494406
219.5,0.172528086
219.6,0.179415031
219.7,0.171874828
219.8,0.17597725
219.9,0.172907719
220,0.180852188
220.1,0.178277156
220.2,0.179332828
220.3,0.178109531
220.4,0.180581
220.5,0.179596719
220.6,0.177912656
220.7,0.177757563
220.8,0.16890225
220.9,0.171913219
221,0.172891797
221.1,0.176697609
221.2,0.176667094
221.3,0.173757539
221.4,0.174381297
221.5,0.170990625
221.6,0.167213563
221.7,0.168793516
221.8,0.167125781
221.9,0.168499289
222,0.164230625
222.1,0.170236266
222.2,0.162783969
222.3,0.164900945
222.4,0.162078
222.5,0.16400082
222.6,0.163386016
222.7,0.168310688
222.8,0.162864156
222.9,0.164261336
223,0.161179219
223.1,0.158613984
223.2,0.161299125
223.3,0.167214516
223.4,0.166866156
223.5,0.159082422
223.6,0.158306906
223.7,0.160066688
223.8,0.160720766
223.9,0.159412863
224,0.15811
224.1,0.156471992
224.2,0.161804859
224.3,0.154445867
224.4,0.157069281
224.5,0.15175125
224.6,0.156703172
224.7,0.151897922
224.8,0.159171188
224.9,0.15005507
225,0.151885469
225.1,0.150531281
225.2,0.146309625
225.3,0.15423632
225.4,0.152168063
225.5,0.151363398
225.6,0.151845625
225.7,0.153689648
225.8,0.149202156
225.9,0.14729482
226,0.149378906
226.1,0.148383422
226.2,0.148767188
226.3,0.147372328
226.4,0.142729813
226.5,0.145153828
226.6,0.145996266
226.7,0.144414664
226.8,0.142213125
226.9,0.144559934
227,0.146887266
227.1,0.141743211
227.2,0.14685525
227.3,0.140692781
227.4,0.142638031
227.5,0.138396445
227.6,0.142073219
227.7,0.136087625
227.8,0.138100688
227.9,0.139224523
228,0.137053438
228.1,0.139722328
228.2,0.131461422
228.3,0.133723914
228.4,0.132518813
228.5,0.132210547
228.6,0.135056313
228.7,0.137095055
228.8,0.134436
228.9,0.129542234
229,0.129490313
229.1,0.129828227
229.2,0.132892406
229.3,0.130206305
229.4,0.129257297
229.5,0.132156328
229.6,0.131036813
229.7,0.127306383
229.8,0.128824172
229.9,0.124282898
230,0.125185938
230.1,0.127958141
230.2,0.125144109
230.3,0.127441883
230.4,0.12529
230.5,0.124161094
230.6,0.127458391
230.7,0.127510023
230.8,0.121399031
230.9,0.124529336
231,0.12534375
231.1,0.123912516
231.2,0.12340325
231.3,0.120779141
231.4,0.118743047
231.5,0.119136992
231.6,0.114925906
231.7,0.120924773
231.8,0.117345422
231.9,0.119487047
232,0.117046875
232.1,0.116661875
232.2,0.112789688
232.3,0.115009805
232.4,0.114579844
232.5,0.116229531
232.6,0.11697075
232.7,0.114508578
232.8,0.1149995
232.9,0.115038
233,0.114250703
233.1,0.112948883
233.2,0.112649813
233.3,0.111788633
233.4,0.11387575
233.5,0.1072125
233.6,0.1093085
233.7,0.110501727
233.8,0.109466813
233.9,0.109441617
234,0.109996563
234.1,0.104288484
234.2,0.104990844
234.3,0.104187125
234.4,0.107080313
234.5,0.104160781
234.6,0.104141094
234.7,0.101704172
234.8,0.099524063
234.9,0.10099482
235,0.103595625
235.1,0.0991705
235.2,0.099958625
235.3,0.101661258
235.4,0.101390625
235.5,0.102772266
235.6,0.103190531
235.7,0.100916375
235.8,0.100289844
235.9,0.099721125
236,0.097396875
236.1,0.096487016
236.2,0.099559969
236.3,0.095254117
236.4,0.093985063
236.5,0.095466211
236.6,0.095719297
236.7,0.091326695
236.8,0.0932895
236.9,0.092408188
237,0.092497344
237.1,0.092332406
237.2,0.091165313
237.3,0.091163961
237.4,0.088615922
237.5,0.088904063
237.6,0.08877425
237.7,0.087355336
237.8,0.087772344
237.9,0.088113063
238,0.088343438
238.1,0.086781438
238.2,0.083032828
238.3,0.084203602
238.4,0.08576425
238.5,0.084483984
238.6,0.081951281
238.7,0.080888313
238.8,0.081300906
238.9,0.081235688
239,0.080023516
239.1,0.079937
239.2,0.079026938
239.3,0.080796688
239.4,0.078782563
239.5,0.080152617
239.6,0.079678375
239.7,0.077498859
239.8,0.077072766
239.9,0.078617055
240,0.07678875
240.1,0.075726234
240.2,0.076999078
240.3,0.074805594
240.4,0.073928156
240.5,0.075798633
240.6,0.072096063
240.7,0.074542078
240.8,0.073345938
240.9,0.071470188
241,0.073048828
241.1,0.07219632
241.2,0.070609875
241.3,0.071119289
241.4,0.070963984
241.5,0.069674766
241.6,0.07073325
241.7,0.06745243
241.8,0.068091219
241.9,0.066673172
242,0.06811
242.1,0.068221852
242.2,0.066354281
242.3,0.06510818
242.4,0.0647955
242.5,0.065777695
242.6,0.065201469
242.7,0.063769344
242.8,0.063768375
242.9,0.062038734
243,0.061024844
243.1,0.062307
243.2,0.064562
243.3,0.060733781
243.4,0.061507688
243.5,0.061469727
243.6,0.060916938
243.7,0.060297867
243.8,0.058783031
243.9,0.058994117
244,0.057733125
244.1,0.057005648
244.2,0.056394781
244.3,0.056760539
244.4,0.055325656
244.5,0.055473125
244.6,0.055280203
244.7,0.054993039
244.8,0.055188875
244.9,0.052098891
245,0.054019453
245.1,0.05396607
245.2,0.05204925
245.3,0.05328182
245.4,0.051463
245.5,0.051342539
245.6,0.050149938
245.7,0.049814984
245.8,0.048683484
245.9,0.048278
246,0.047825
246.1,0.046576406
246.2,0.046247578
246.3,0.045353563
246.4,0.04572075
246.5,0.046002266
246.6,0.045614234
246.7,0.045784336
246.8,0.043316906
246.9,0.044651852
247,0.042653672
247.1,0.042801352
247.2,0.04161575
247.3,0.04014982
247.4,0.040582594
247.5,0.040487227
247.6,0.038724
247.7,0.039189617
247.8,0.038872484
247.9,0.038381977
248,0.038563125
248.1,0.036902258
248.2,0.036218203
248.3,0.036090141
248.4,0.035692094
248.5,0.035837109
248.6,0.034598469
248.7,0.034615117
248.8,0.034716375
248.9,0.03479
249,0.033128594
249.1,0.032233781
249.2,0.031915375
249.3,0.032652555
249.4,0.031377328
249.5,0.030832344
249.6,0.030566
249.7,0.03102307
249.8,0.029990563
249.9,0.029206609
250,0.027524063
250.1,0.027397664
250.2,0.028846844
250.3,0.027593344
250.4,0.026449938
250.5,0.025911445
250.6,0.025644938
250.7,0.0247775
250.8,0.024077625
250.9,0.024981633
251,0.023919922
251.1,0.023331656
251.2,0.022702125
251.3,0.022367227
251.4,0.021818375
251.5,0.021586289
251.6,0.020739125
251.7,0.020643023
251.8,0.019658953
251.9,0.019767766
252,0.019204688
252.1,0.018378445
252.2,0.018768438
252.3,0.018240133
252.4,0.017496563
252.5,0.017038164
252.6,0.016401813
252.7,0.016397391
252.8,0.0154155
252.9,0.014743648
253,0.014497969
253.1,0.014365422
253.2,0.013357969
253.3,0.012764461
253.4,0.012156625
253.5,0.01172207
253.6,0.011493188
253.7,0.011129484
253.8,0.010262656
253.9,0.01000568
254,0.009557031
254.1,0.008943211
254.2,0.008367609
254.3,0.007958391
254.4,0.007416625
254.5,0.007140469
254.6,0.006471719
254.7,0.006199984
254.8,0.005719031
254.9,0.005161234
255,0.004617734
255.1,0.0043425
255.2,0.00390875
255.3,0.003416
255.4,0.002876109
255.5,0.002414453
255.6,0.001938281
255.7,0.001466531
255.8,0.000955141
255.9,0.00048657
